{"noiseKey":{"private":{"type":"Buffer","data":"kCgR6CnNIUsLYW0KV0d8lj1kFhiovCQD0IZuPic8WGY="},"public":{"type":"Buffer","data":"6/X1961gtVtDkjrDsJMxre6NbysEeIybsVe4KhUd0F4="}},"pairingEphemeralKeyPair":{"private":{"type":"Buffer","data":"oPOy8iVVKR9gvqtg3mUhcFLP9ibPaz/Ego6bU/7pKE4="},"public":{"type":"Buffer","data":"jSrE9JuTd2QG71dCHLmQsUZGv7o7NfvwU3mBIxbDJCQ="}},"signedIdentityKey":{"private":{"type":"Buffer","data":"iJCV8+ryA9XaQfB7gsINsTyCM4ZZXaI/N3TJvcaTPmU="},"public":{"type":"Buffer","data":"ABwPQ6m47oF+3zc1fj/eV/J8Qof9MVx2GULy/kWWJWo="}},"signedPreKey":{"keyPair":{"private":{"type":"Buffer","data":"cP+Be7nEqqvwaLLTPsCdkSKeddeEQKB8ur+RHBj8vlc="},"public":{"type":"Buffer","data":"XaKkjiFHExuaMDaTGEPG8G8SBE6nd4x6KM0DyqYV2B4="}},"signature":{"type":"Buffer","data":"OYpnoQZ2uGI9HS99aQDO+uVjnRZdTS6Gno5o6Vy3RxtsIFfEgWUcyVShC/ZTjnZJ1WkE89IV9nn7Uk3SDEcSgw=="},"keyId":1},"registrationId":22,"advSecretKey":"t3cBHSZGXTj/2tO6KVoNvx6WRRogCbMDYofNlgrreYs=","processedHistoryMessages":[{"key":{"remoteJid":"94789613424@s.whatsapp.net","fromMe":true,"id":"6B863C8E8DF1C038F26E6FF327FE1BFD"},"messageTimestamp":1715589117},{"key":{"remoteJid":"94789613424@s.whatsapp.net","fromMe":true,"id":"6747894F579B20C99AAF41077BD0EAA2"},"messageTimestamp":1715589118}],"nextPreKeyId":31,"firstUnuploadedPreKeyId":31,"accountSyncCounter":1,"accountSettings":{"unarchiveChats":false},"deviceId":"hp-RfYWKSxSWEKTK71TiGg","phoneId":"93cac242-8e0f-473a-9175-af4dacb6c143","identityId":{"type":"Buffer","data":"Dn4ppzK3ZuQ1GEYV2eCcWgoJF9M="},"registered":true,"backupToken":{"type":"Buffer","data":"vWQj2wl6HxEnwmIZI2LXgNFiIPw="},"registration":{},"pairingCode":"H8G3F3VK","me":{"id":"94789613424:28@s.whatsapp.net","lid":"198049968164910:28@lid","name":"匚ㄚ乃乇尺 丨几ᗪㄩ山卂尺卂"},"account":{"details":"CIj4wfEEEPKfh7IGGAEgACgA","accountSignatureKey":"AhIMyyMO6rUA3unOPm1LBmDKWY97FNGIwu/l3GAklUg=","accountSignature":"ND9WkBp/WMW+9PqMYXoxt5G+xeBL/unD1thUgTOy6rmrwgSVhA5ppYehGfsxEDXWDpf6U1v1j6yG/zvlRR5VDA==","deviceSignature":"cv85m4ZnF33V93NUl1iQloYyr3bDfLTQslbvWryUUhL5IlqmZLdVtQjDZb1VJlyYOFWZJCDf6nCI7r1+5YZBgw=="},"signalIdentities":[{"identifier":{"name":"94789613424:28@s.whatsapp.net","deviceId":0},"identifierKey":{"type":"Buffer","data":"BQISDMsjDuq1AN7pzj5tSwZgylmPexTRiMLv5dxgJJVI"}}],"platform":"android","lastAccountSyncTimestamp":1715589110,"lastPropHash":"2wGDIt","myAppStateKeyId":"AAAAAJ8P"}